item_code,name,description,unit,quantity,location,min_level,reorder_qty,category,active
UTM 100KN -480 TIMMING BELT,2000 -8m-50mm,Timming Belt,Nos,0,,0,0,TRANSMISSION,1
UTM-100KN TB,2000 8m.50mm,Timming Belt,Nos,3,,0,0,TRANSMISSION,1
FV3S-R3-PT8R4,2KW DRIVE,Servo DRIVE UTM 50KN,Nos,5,,0,0,ELECTRICAL,1
T -SLOT 75X 25 X450/640,3 POINT BENDING T SLOT PATTI,3PBA & MOR T SLOT PLATE,Nos,7,,0,0,Others,1
FV5-R3-PT012,3KW Servo DRIVE,Servo DRIVE UTM 100KN,Nos,6,,0,0,ELECTRICAL,1
MFI -5KG -STD SQ WEIGHT,5KGWT MFI,MFI 5KG STD WEIGHT 100 X100 X65,Nos,3,,0,0,Others,1
AC 230V 50HZ,AC SYNCHRONICS MOTOR,MFI Motor,Nos,0,,0,0,ELECTRICAL,1
Allen Bolt M10x35,Allen Bolt M10x35,M10x35,Nos,0,,0,0,HARDWARE,1
Allen Bolt M12x35,Allen Bolt M12x35,M12x35,Nos,0,,0,0,HARDWARE,1
Allen Bolt M12x40,Allen Bolt M12x40,M12x40,Nos,0,,0,0,HARDWARE,1
Allen Bolt M4x10,Allen Bolt M4x10,M4x10,Nos,0,,0,0,HARDWARE,1
Allen Bolt M6x15,Allen Bolt M6x15,M6x15,Nos,0,,0,0,HARDWARE,1
Allen Bolt M8x30,Allen Bolt M8x30,M8x30,Nos,0,,0,0,HARDWARE,1
Allen Bolt M8x40,Allen Bolt M8x40,M8x40,Nos,0,,0,0,HARDWARE,1
Allen CSK Bolt M12x35,Allen CSK Bolt M12x35,M12x35,Nos,0,,0,0,HARDWARE,1
Allen CSK Bolt M4x10,Allen CSK Bolt M4x10,M4x10,Nos,0,,0,0,HARDWARE,1
Allen CSK Bolt M6x15,Allen CSK Bolt M6x15,M6x15,Nos,0,,0,0,HARDWARE,1
Allen CSK Bolt M6x30,Allen CSK Bolt M6x30,M6x30,Nos,0,,0,0,HARDWARE,1
Allen CSK Bolt M8x20,Allen CSK Bolt M8x20,xz,Nos,0,,0,0,HARDWARE,1
UTM 50KN -BUSH,Ballscrew Bush,50KN -BUSH -ID 35 OD 45 X 35,Nos,34,,0,0,METAL,1
UTM 100KN BUSH,Ballscrew Bush 100kN,BALL SCREW BUSH ID 35 OD 45 X 45,Nos,7,,0,0,METAL,1
UTM 50KN -BUSH HOLDING CHUCK NUT,Ballscrew CHECK Nut M24,UTM 50KN BALL SCREW CHUCK NUT M24 X 1.5P,Nos,50,,0,0,METAL,1
UTM 100KN - BALLSCREW CHUCK NUT,Ballscrew chuck NUT M28,BALL SCREW CHUCK NUT,Nos,10,,0,0,METAL,1
UTM 100KN -TIMMER PULLY CHUCK NUT,Ballscrew chuck NUT M32,TIMMER PULLY HOLDING CHUCK NUT,Nos,18,,0,0,TRANSMISSION,1
NUT R25-5T3-FSI HIWIN,BALLSCREW NUT R25,NUT R25-5T3-FSI HIWIN,Nos,1,,0,0,TRANSMISSION,1
R40-10T3-FSI---00HIWIN,BALLSCREW NUT R40,R40-10T3-FSI---00HIWIN,Nos,0,,0,0,TRANSMISSION,1
Nut R50-10T4-FSI Hiwin,Ballscrew Nut R50,R50-10T4-FSI | Make: Hiwin,Nos,0,,0,0,TRANSMISSION,1
R50-10T4-FSI--00 HIWIN,BALLSCREW NUT R50,R50-10T4-FSI--00 HIWIN,Nos,0,,0,0,Others,1
Ballscrew R25-5-890-05.05 Hiwin,Ballscrew R25,R25-5-890-05.05 | Make : Hiwin,Nos,1,,0,0,ELECTRICAL,1
Ballscrew R32-10-1340-1340-0.05 Hiwin,Ballscrew R32,R32-10-1340-1340-0.05 | Make : Hiwin,Nos,0,,0,0,TRANSMISSION,1
Ballscrew R40-10-1340-1340-0.05 Hiwin,Ballscrew R40,R40-10-1340-1340-0.05 | Make : Hiwin,Nos,6,,0,0,TRANSMISSION,1
Ballscrew R50-10-1600-0.05 Hiwin,Ballscrew R50,R50-10-1600-0.05 | Make : Hiwin,Nos,0,,0,0,TRANSMISSION,1
Bearing 30305C,Bearing,30305C,Nos,25,,0,0,TRANSMISSION,1
Bearing 6004-2Z/C3,Bearing,6003-2Z,Nos,6,,0,0,TRANSMISSION,1
Bearing 6304,Bearing,6304,Nos,28,,0,0,TRANSMISSION,1
Bearing 6304-2Z,Bearing,6304-2Z,Nos,8,,0,0,TRANSMISSION,1
Bearing BT-0523(30307),Bearing,BT-0523(30307),Nos,34,,0,0,TRANSMISSION,1
UTM50KN -BEARING HOUSING T,BEARING HOUSING T,Top Plate Bearing Housing,Nos,6,,0,0,METAL,1
UTM 50KN -BEARING HOUSING,"BEARING 30305 
TRB HOUSING (B",Bottom plate Bearing Housing,Nos,7,,0,0,METAL,1
UTM-SSB-HOUSING,Bearing Housing SSB,SSB,Nos,5,,0,0,METAL,1
Bearing 7305 BEP,Bearing,7305 BEP,Nos,34,,0,0,TRANSMISSION,1
Bellow 145x20x600x90,Bellows,"SIZE : 145MM,FOLD-20MM,OPEN :.1100MM,CLOSE-110",Nos,8,,0,0,HARDWARE,1
Bellow 190x20x1100x110,Bellows,"SIZE : 190MM,FOLD-20MM,OPEN :.1100MM,CLOSE-110",Nos,4,,0,0,HARDWARE,1
Bellow 250x22x1250x190,Bellows,"SIZE : 250MM,FOLD-22MM,OPEN :.1250MM,CLOSE-190",Nos,16,,0,0,HARDWARE,1
Bellow 95x18x600x90,Bellows,"SIZE : 95MM,FOLD-18MM,OPEN :.600MM,CLOSE-90",Nos,15,,0,0,HARDWARE,1
UTM SSB -BUSH,Bush SSB,TABLE TOP BUSH OD 30 & ID 20,Nos,19,,0,0,METAL,1
Cadyce Cable CA-US9,CADYCE CABLE,CA-US9,Nos,0,,0,0,ELECTRICAL,1
UTM 50KN-5KN - D101-01-192C (10B-1),Chain D101-01-192C (10B-1),Chains ( 15.875 X 9.65 X 10.16MM ),Nos,7,,0,0,TRANSMISSION,1
Circlip ID 35 (OD 37.8mm),Circlip,ID 35 (OD 37.8mm),Nos,0,,0,0,HARDWARE,1
CMPL M24,compression plate M24,compression plate M24,Nos,11,,0,0,METAL,1
CMPL M30,compression plate M30,compression plate M30,Nos,3,,0,0,METAL,1
CMPL M12,compression plate M12,compression plate M12,Nos,1,,0,0,METAL,1
ControllerCard WEX,ControlCard,UTM Electronics Controller- WithExtensometer,Nos,0,,0,0,ELECTRICAL,1
ControllerCard WOEX,ControlCard,UTM Electronics Controller- Without Extensometer,Nos,2,,0,0,ELECTRICAL,1
ControllerBox Empty,CONTROLLER BOX,EMPTY,Nos,3,,0,0,HARDWARE,1
Cutting Wheel 14'',Cutting Wheel,14'',Nos,3,,0,0,HARDWARE,1
CZ Bolt M4x10,CZ Bolt,M4x10,Nos,174,,0,0,HARDWARE,1
CZ Button Bolt M6x10,CZ Button Bolt,M6x10,Nos,100,,0,0,HARDWARE,1
IS15477 DEFROM FRAME,Deformation Base Frame,Deformation Base Frame,Nos,9,,0,0,METAL,1
DIE D624 C,DIE - ASTM D624,Tear,Nos,2,,0,0,METAL,1
HYD-DUMBBEL PRESS,DIE - HYDRAULIC DUMBLE PRESS,Manual Press,Nos,1,,0,0,Others,1
DIE D412 C,DIE ASTM D412 type C,Dumbbell,Nos,3,,0,0,METAL,1
Dolly Pin M10,Dolly Pin,Pin for Dolly M10,Nos,339,,0,0,METAL,1
IS15477 DOLLY,Dolly Square,SQUARE,Nos,335,,0,0,TRANSMISSION,1
ENCODER 1000PPR,ENCODER 1000PPR,E5058-1000-3-T-1,Nos,14,,0,0,ELECTRICAL,1
ENCODER 5000PPR,ENCODER 5000PPR,E5058-5000-3-T-1,Nos,0,,0,0,ELECTRICAL,1
VST HMI,F110 Flexem,Capacitive touch Screen,Nos,0,,0,0,ELECTRICAL,1
Flap Disc 60 Grid 4'',Flap Disc,60 Grid 4'',Nos,10,,0,0,HARDWARE,1
UTM-50KN GEARBOX COUPLING,Gear Box Coupling 50kN,Gear Box Coupling 50kn,Nos,6,,0,0,METAL,1
UTM 100KN GEAR FLANGE M 40 CHUCK NUT,GEAR BOX FLANGE M40 X 2P,Gear Box Flange,Nos,3,,0,0,METAL,1
GEAR BOX FLANGE-100KN,GEAR BOX INPUT FLANGE,GEAR BOX INPUT FLANGE,Nos,1,,0,0,Others,1
W110 U40 P90 B5B3,GEAR BOX W110 U40 P90 B5B3,W110 U40 P90 B5B3,Nos,5,,0,0,TRANSMISSION,1
W86 U40 HSB3,GEAR BOX W86 U40 HSB3,W86 U40 HSB3,Nos,5,,0,0,TRANSMISSION,1
UTM-50KN -GEARBOX FLANGE,"GEARBOX 
FLANGE W86",Motor Flange,Nos,1,,0,0,METAL,1
SERVO DRIVE EXTN C UTM 100KN,Gearbox Coupling,100KN,Nos,1,,0,0,TRANSMISSION,1
UTM-STB 5KN GEAR BOX COUPLING,Gearbox Coupling,SERVO DRIVE EXTENSTION COUPLING,Nos,0,,0,0,TRANSMISSION,1
GEAR BOX O C PULLY -100KN,"GEARBOX OUTPUT 
COUPLING - PULLY",GEAR OUT COUPLING PULLY,Nos,3,,0,0,METAL,1
Gearbox VF FA1 50 HSB3,Gearbox VF44,VF FA1 50 HSB3,Nos,1,,0,0,TRANSMISSION,1
Gearbox VF44 F1 100 HSB3,Gearbox VF44,VF44 F1 100 HSB3,Nos,1,,0,0,TRANSMISSION,1
Gearbox VF44 FA2 10 HSB3,Gearbox VF44,VF44 FA2 10 HSB3,Nos,4,,0,0,TRANSMISSION,1
Gearbox W63,Gearbox W63,W63 HSB3 i 45,Nos,1,,0,0,TRANSMISSION,1
Gearbox W75,Gearbox W75,W75 HS B3 I 45,Nos,1,,0,0,TRANSMISSION,1
Grub Screw M4x5,Grub Screw,M4x5,Nos,0,,0,0,HARDWARE,1
Grub Screw M8x10,Grub Screw,M8x10,Nos,0,,0,0,HARDWARE,1
HGR 25R 700H HIWIN E= 20 X 20,Guided Rail,UTM SSB GUIDE RAIL,Nos,3,,0,0,TRANSMISSION,1
HEAT SINK G-68,Heat Sink ( UNISON),HEAT SINK G-68,Nos,15,,0,0,ELECTRICAL,1
AC 230V 50HZ HEATER MFI,Heater,AC 230V 50HZ HEATER MFI,Nos,4,,0,0,ELECTRICAL,1
"Hex Bolt, Nut & Washer M10x65","Hex Bolt, Nut & Washer",M10x65,Nos,0,,0,0,HARDWARE,1
"Hex Bolt, Nut & Washer M8x65","Hex Bolt, Nut & Washer",M8x65,Nos,0,,0,0,HARDWARE,1
HMI YS2070WE,HMI 7'' Touch Screen | Make : Yasaka,YS2070WE,Nos,12,,0,0,TRANSMISSION,1
DV0P4344-2M-A,I/O CABLE FOR FLEXEM SERVO 2M LENGTH,DV0P4344-2M,Nos,1,,0,0,Others,1
FV3S TO FV5 SERIES(1kw to 5.5kw),I/O CABLE FOR FLEXEM SERVO 5M LENGTH FOR ENCODER CABLE,FV3S TO FV5 SERIES(1kw to 5.5kw),Nos,7,,0,0,ELECTRICAL,1
FV3S SERIES(1kw to 1.8kw),I/O CABLE FOR FLEXEM SERVO 5M LENGTH FOR POWER CABLE,FV3S SERIES(1kw to 1.8kw),Nos,4,,0,0,Others,1
SLIDER -UTM 50KN -5 KN,IDDLER,SLIDER,Nos,6,,0,0,Others,1
UTM 100KN IDLER PULLY,IDDLER PULLY 60 X60 -42 BEARING SIZE,IDDLER PULLY,Nos,8,,0,0,METAL,1
IDLER Bolt M20-100KN,IDDLER PULLY HOLDING Bolt M20,IDDLER PULLY Bolt,Nos,8,,0,0,Others,1
IDLER Bolt M12-UTM 50KN -5KN,IDLER Bolt M12,IDLER 50KN,Nos,13,,0,0,Others,1
STIFNESS 3PBA,Intender,STIFNESS INTENDER,Nos,0,,0,0,METAL,1
IS 15477 DEF Base,IS 15477 DEFORM,Deformation Base Frame,Nos,9,,0,0,METAL,1
IS 15477 DEF SEMI CIRCULE,IS 15477 DEFORM,SEMI CIRCULE,Nos,18,,0,0,METAL,1
IS 15477 DEF Temp A,IS 15477 DEFORM,Template A,Nos,1,,0,0,METAL,1
IS 15477 DEF Temp B,IS 15477 DEFORM,Template B,Nos,16,,0,0,METAL,1
IS 15477 PULL PULLER,IS 15477 PULL PULLER,PULLER R12,Nos,2,,0,0,METAL,1
IS 15477 SHEAR,IS 15477 SHEAR,SHEAR FIXTURE BODY,Nos,3,,0,0,METAL,1
IS 15477 PULL OFF FRAME,IS15477 Pull Off Frame,Pull off Fixtures,Nos,7,,0,0,METAL,1
IS15477 SLIP Spacer,IS15477 Spacer,Spacer,Nos,10,,0,0,METAL,1
IS15477 SLIP Straight Egde,IS15477 Straight Egde,SS 304 | 300mm,Nos,10,,0,0,METAL,1
STAR NOB M12 X 40,Knob M12,knob,Nos,0,,0,0,HARDWARE,1
STAR NOB M8 X 40,Knob M8,knob,Nos,100,,0,0,HARDWARE,1
Konb screw M4x10,Konb screw,M4x10,Nos,0,,0,0,HARDWARE,1
Konb screw M5x15,Konb screw,M5x15,Nos,0,,0,0,HARDWARE,1
Konb screw M8x50,Konb screw,M8x50,Nos,0,,0,0,HARDWARE,1
OMRON - E2B-M12KS04-WP-B1-2M,Limit sensor,OMRON - E2B-M12KS04-WP-B1-2M,Nos,0,,0,0,ELECTRICAL,1
LM10UU,Linear bearing LM10UU,LM10UU,Nos,6,,0,0,TRANSMISSION,1
LMK 20UU,Linear bearing LMK 20UU,LMK 20UU,Nos,13,,0,0,TRANSMISSION,1
LMK 30UU,Linear bearing LMK 30UU,LMK 30UU,Nos,27,,0,0,TRANSMISSION,1
Loadcell 100kg Maxload,Loadcell 100kg,S-Type | Maxload,Nos,1,,0,0,ELECTRICAL,1
Loadcell 10000kg Maxload,Loadcell 100kN,ULC-L | Maxload,Nos,2,,0,0,ELECTRICAL,1
Loadcell 100kN | Rudraa,Loadcell 100kN,ULC-L | Rudraa,Nos,0,,0,0,ELECTRICAL,1
Loadcell 10kg Maxload,Loadcell 10kg,S-Type | Maxload,Nos,3,,0,0,ELECTRICAL,1
Loadcell 1000kg Maxload,Loadcell 10kN,S-Type | Maxload,Nos,3,,0,0,ELECTRICAL,1
Loadcell 200kg Maxload,Loadcell 200kg,S-Type | Maxload,Nos,1,,0,0,ELECTRICAL,1
Loadcell 20kg Maxload,Loadcell 20kg,S-Type | Maxload,Nos,1,,0,0,ELECTRICAL,1
Loadcell 2000kg Maxload,Loadcell 20kN,S-Type | Maxload,Nos,1,,0,0,ELECTRICAL,1
Loadcell 30kg Maxload,Loadcell 30kg,S-Type | Maxload,Nos,3,,0,0,ELECTRICAL,1
Loadcell 3000kg Maxload,Loadcell 30kN,S-Type | Maxload,Nos,1,,0,0,ELECTRICAL,1
Loadcell 50kg Maxload,Loadcell 50kg,S-Type | Maxload,Nos,3,,0,0,ELECTRICAL,1
Loadcell 5000kg Maxload,Loadcell 50kN,S-Type | Maxload,Nos,5,,0,0,ELECTRICAL,1
Loadcell 5kg Maxload,Loadcell 5kg,S-Type | Maxload,Nos,3,,0,0,ELECTRICAL,1
Loadcell 500kg Maxload,Loadcell 5kN,S-Type | Maxload,Nos,3,,0,0,ELECTRICAL,1
Love-joy Coupling L100,Love-joy Coupling,L100,Nos,10,,0,0,TRANSMISSION,1
LOVEJOY UTM SSB -5KN,LoveJoy L75,LOVEJOY 5KN,Nos,3,,0,0,METAL,1
UTM SMPS,LRS-100-24,SMPS,Nos,0,,0,0,ELECTRICAL,1
PT 100,MFI Sensor,PT 100,Nos,5,,0,0,ELECTRICAL,1
WPU 9C TANK,WPU 9C SS TANK,WPU -9C TANK,Nos,1,,0,0,METAL,1
WPU 3C TANK,WPU 3C SS TANK,WPU -3C TANK,Nos,1,,0,0,METAL,1
PTU-MS TANK,MS TANK,MS Tank for Permability Test Unit,Nos,1,,0,0,METAL,1
Nut R32-10T3-FSI Hiwin,NutR32,R32-10T3-FSI | Make : Hiwin,Nos,1,,0,0,TRANSMISSION,1
16A-S16-61198-B09-TDYR,ON/OFF Switch,SELCO 16 Ampere,Nos,4,,0,0,ELECTRICAL,1
16A 2P ROTERY SWITCH,ON/OFF Switch SELCO,16 Ampere,Nos,5,,0,0,ELECTRICAL,1
16A 4P ROTERY SWITCH,ON/OFF Switch SELCO,,Nos,0,,0,0,ELECTRICAL,1
MFI -PISTON,PISTON,MFI -PISTON,Nos,19,,0,0,Others,1
MFI-PISTON REMOVAL,PISTON REMOVAL,MFI P REMOVAL,Nos,21,,0,0,Others,1
MFI PLC SELEC,PLC Selec,TWIX-1 230,Nos,5,,0,0,ELECTRICAL,1
PDP CYLINDER BORE 140MM,Pnematic Dumble Press,CYLINDER BORE 140MM,Nos,0,,0,0,TRANSMISSION,1
PG BCPM 14BAR,Pressure Gauge BCPM 14 BAR,Pressure Gauge BCPM 14 BAR | Make : Micro,Nos,9,,0,0,HARDWARE,1
PG BCPM 21BAR,Pressure Gauge BCPM 21 BAR,Pressure Gauge BCPM 21 BAR | Make : Micro,Nos,16,,0,0,HARDWARE,1
PG BCPM 25BAR,Pressure Gauge BCPM 25 BAR,Pressure Gauge BCPM 25 BAR | Make : Micro,Nos,6,,0,0,HARDWARE,1
PG BCPM 28BAR,Pressure Gauge BCPM 28 BAR,Pressure Gauge BCPM 28 BAR | Make : Micro,Nos,5,,0,0,HARDWARE,1
PTU BOTTOM PLATE,PTU BOTTOM PLATE,SS 304 - 150X 150 X16,Nos,0,,0,0,Others,1
PTUGASKET-108,PTU Center Gasket,Size : 100 x 108 x 3,Nos,37,,0,0,HARDWARE,1
PTU B MOULD,PTU MOULD Bottom,CELL OD 114 OD 100 X 50,Nos,45,,0,0,Others,1
PTU MOULD B PLATE,PTU MOULD SQ SS PLATE 120 X 120 X 3,MOULD CASTING BOTTOM PLATE,Nos,0,,0,0,Others,1
PTU T MOULD,PTU MOULD TOP,CELL OD 114 OD 100 X 127,Nos,5,,0,0,Others,1
PTU PLATE BOTOM -TOP,PTU PLATE SS 150 X150X 16,BOTTOM PLATE,Nos,0,,0,0,Others,1
PTU TOP PLATE,PTU TOP PLATE,SS 304 - 150X 150 X16,Nos,0,,0,0,Others,1
PTUGASKET-115,PTU Top-Bottom Gasket,Size : 100 x 115 x 3,Nos,45,,0,0,HARDWARE,1
YSK2-200AN,Servo Drive 0.4KW,Servo DRIVE UTM SSB,Nos,2,,0,0,ELECTRICAL,1
FV3S-R1-PA5R5,Servo Drive 750W,Servo DRIVE UTM 10KN,Nos,1,,0,0,ELECTRICAL,1
YSK2-MH040N,servo motor 0.4 kW,Servo MOTOR UTM SSB 30KG & 5KN,Nos,1,,0,0,ELECTRICAL,1
YSK-2 MH260N2,Servo Motor 2.6 KW,Servo MOTOR UTM 100KN,Nos,5,,0,0,ELECTRICAL,1
EAM-XG-2020T-U30,Servo Motor 2KW,Servo MOTOR UTM 50KN,Nos,3,,0,0,ELECTRICAL,1
ECM-WH-0830A-230-,Servo Motor 750W,Servo MOTOR,Nos,1,,0,0,ELECTRICAL,1
IS15477 SHEAR,SHEAR FIXTURE,Shear Fixture,Nos,3,,0,0,METAL,1
Chain5/8,Simplex Chains,5/8',Nos,34,,0,0,TRANSMISSION,1
Sprocket5/8,Simplex Sprocket,5/8',Nos,28,,0,0,TRANSMISSION,1
Dolly 50x50,Square Dolly,50x50 MS CED Coated,Nos,0,,0,0,Others,1
WPU SS TANK,SS TANK,SS Tank for water Permability,Nos,1,,0,0,METAL,1
UTM-SSB M20*1.5P CHUCKNUT,SSB Checknut,SSB CHUCK NUT,Nos,19,,0,0,METAL,1
HGH 25CA ZAC HIWIN,SSB Slider,700mm for table top,Nos,3,,0,0,METAL,1
MFI SSR,SSR,25Amps AC to AC,Nos,2,,0,0,ELECTRICAL,1
PULL PUSH C 100 GM W,Standard Weight 100GM,Hook type weights 100gm,Nos,0,,0,0,METAL,1
STD WIGHT 100GM,Standard Weight 100GM,Hook type weights 100gm,Nos,5,,0,0,METAL,1
PULL PUSH C 200GM W,Standard Weight 200GM,Hook type weights 200gm,Nos,0,,0,0,METAL,1
STD WIGHT 200GM,Standard Weight 200GM,Hook type weights 200gm,Nos,5,,0,0,METAL,1
PULL PUSH C 25GM W,Standard Weight 25GM,Hook type weights 25gm,Nos,0,,0,0,METAL,1
STD WIGHT 25GM,Standard Weight 25GM,Hook type weights 25gm,Nos,5,,0,0,METAL,1
STD WT10KG,STD WEIGHT 10 KG,Std Wt 10KG | MS | Deformability,Nos,9,,0,0,METAL,1
STD WT2KG,STD WEIGHT 2 KG,Std Wt 2KG | SS | Pull Off,Nos,28,,0,0,METAL,1
STD WT5KG,STD WEIGHT 5 KG,Std Wt 5KG | SS304 | Slip Test,Nos,2,,0,0,METAL,1
Tap M10,Tap,M10,Nos,1,,0,0,HARDWARE,1
Tap M12,Tap,M12,Nos,1,,0,0,HARDWARE,1
Tap M4,Tap,M4,Nos,12,,0,0,HARDWARE,1
Tap M6,Tap,M6,Nos,6,,0,0,HARDWARE,1
Tap M8,Tap,M8,Nos,5,,0,0,HARDWARE,1
Tie Rod 10x1200,Tie Rod 10x1200,10 mm x 1200 mm,Nos,6,,0,0,METAL,1
Tie Rod 20x1000,Tie Rod 20x1000,20 mm x 1000 mm,Nos,9,,0,0,METAL,1
Tie Rod 30x1200,Tie Rod 30x1200,30 mm x 1200 mm,Nos,8,,0,0,METAL,1
Tie Rod 30x1400,Tie Rod 30x1400,30 mm x 1400 mm,Nos,6,,0,0,METAL,1
2400-8m-50 TIMING BELT,Timer Belt,2400-8m-50,Nos,3,,0,0,TRANSMISSION,1
TIMER TEETH P 8MM X 48,Timer Pulley,TIMER TEETH P 8MM X 48,Nos,6,,0,0,TRANSMISSION,1
UTM 100KN -480- TIMMIG BELT,TIMING BELT,1728 8m 30mm,Nos,2,,0,0,TRANSMISSION,1
CH-201,Toggle Clamp CH-201,CH-201,Nos,10,,0,0,TRANSMISSION,1
IS15477 PULL-UJ,Universal Joint for Pull Off Test,Universal Joint,Nos,10,,0,0,HARDWARE,1
UTM 100KN M 30 CHUCK N,UTM 100KN -M30 CHUCK NUT,checknut 30 load cell adapter,Nos,10,,0,0,METAL,1
UTM 50KN M24 CHUCK N,UTM 50KN -M24 CHUCK NUT,checknut 24 lad cell adapter,Nos,30,,0,0,METAL,1
UTM 50KN BEARING T,UTM 50KN BEARING HOUSING T,BEARING HOUSING TOP,Nos,7,,0,0,METAL,1
UTM 50KN R40 GEARBOX COUPLING,UTM 50KN GEAR BOX COUPLING R40,Gear Box Coupling 50kn,Nos,2,,0,0,METAL,1
UTM 50KN Servo B,UTM 50KN Servo BRACKET,Motor Flange,Nos,0,,0,0,ELECTRICAL,1
UTM 5KN BEARING HOUSING B,UTM 5KN BEARING HOUSING BOTTOM,Bearing Housing,Nos,7,,0,0,METAL,1
UTM 5KN BEARING HOUSING T,UTM 5KN BEARING HOUSING TOP,Bearing Housing,Nos,7,,0,0,METAL,1
UTM 50KN BEARING B,UTM-50KN BEARING 7305TRB HOUSING (B),BEARING HOUSING BOTTOM,Nos,7,,0,0,METAL,1
VG5KN BEARING 602,Vice Grip Bearing 602,Vice Grip Bearing 602,Nos,84,,0,0,HARDWARE,1
VG5KN MAIN BODY,VICE GRIP BODY MS,,Nos,10,,0,0,Others,1
SMALL VICE GRIP M12 Bolt,Vice Grip Bolt M12,VG 5KN M12,Nos,12,,0,0,METAL,1
VG5KN M14 INSERT SUPORT Bolt,Vice Grip Bolt M14,VG 5KN M14,Nos,0,,0,0,METAL,1
WP Gasket,Water Pemeability Gasket,Size : 75x110x10,Nos,20,,0,0,TRANSMISSION,1
Welding Rod 315 10  GAUGE,Welding Rod,10 Gauge,Nos,5,,0,0,HARDWARE,1
WP Square Plates SS304,WP Square Plates,200x200x10,Nos,24,,0,0,METAL,1
TIMMING PULLY,DRIVING PULLY & GEARBOX DRIVER PULLY,UTM 100KN DRIVER PULLY,Nos,6,,0,0,METAL,1
MFI BARREL CLEANER,MFI BARREL CLEANER,MFI,Nos,19,,0,0,METAL,1
